{"cameraMode":{"drawMode":2,"name":"Shaded Wireframe","section":"Shading Mode"},"sceneLighting":true,"audioPlay":false,"sceneViewState":{"showFog":true,"showMaterialUpdate":false,"showSkybox":true,"showFlares":true,"showImageEffects":true,"showParticleSystems":true},"in2DMode":false,"pivot":{"x":6.20263671875,"y":2.096515655517578,"z":1.841796875},"rotation":{"x":-0.004166180733591318,"y":0.09589800983667374,"z":0.00046104987268336117,"w":0.9953823685646057},"size":6.531802177429199,"orthographic":true}