{"cameraMode":{"drawMode":0,"name":"Shaded","section":"Shading Mode"},"sceneLighting":true,"audioPlay":false,"sceneViewState":{"showFog":true,"showMaterialUpdate":false,"showSkybox":true,"showFlares":true,"showImageEffects":true,"showParticleSystems":true},"in2DMode":false,"pivot":{"x":1.33251953125,"y":0.16259765625,"z":-3.62646484375},"rotation":{"x":0.052954141050577167,"y":-0.06639952212572098,"z":0.0034576987382024528,"w":0.9963810443878174},"size":4.761099338531494,"orthographic":true}