{"cameraMode":{"drawMode":2,"name":"Shaded Wireframe","section":"Shading Mode"},"sceneLighting":false,"audioPlay":false,"sceneViewState":{"showFog":true,"showMaterialUpdate":false,"showSkybox":true,"showFlares":true,"showImageEffects":true,"showParticleSystems":true},"in2DMode":false,"pivot":{"x":4.76837158203125e-7,"y":0.17500001192092896,"z":-9.5367431640625e-7},"rotation":{"x":0.4227289855480194,"y":0.035395726561546329,"z":-0.016460999846458436,"w":0.9054151177406311},"size":17.81865692138672,"orthographic":true}